{
  "south_africa": {
    "region": "Sub-Saharan Africa",
    "income_group": "Upper middle income",
    "gdp_per_capita_usd": 6001,
    "gdp_growth_2023": 0.7,
    "gdp_growth_2024": 1.1,
    "unemployment_rate": 32.9,
    "youth_unemployment": 59.7,
    "inflation_2023": 5.9,
    "debt_to_gdp": 73.7,
    "gini_coefficient": 63.0,
    "ease_of_business_rank": 84,
    "corruption_perception_index": 41,
    "electricity_access_pct": 89.3,
    "renewable_energy_pct": 7.2,
    "population_millions": 60.4
  },
  "peer_average": {
    "gdp_per_capita_usd": 6268.666666666667,
    "gdp_growth_2023": 4.455555555555555,
    "gdp_growth_2024": 4.199999999999999,
    "unemployment_rate": 9.044444444444444,
    "youth_unemployment": 18.233333333333334,
    "inflation_2023": 15.855555555555554,
    "debt_to_gdp": 59.96666666666667,
    "gini_coefficient": 39.45555555555555,
    "ease_of_business_rank": 80.44444444444444,
    "corruption_perception_index": 34.0,
    "electricity_access_pct": 92.54444444444444,
    "renewable_energy_pct": 29.488888888888887,
    "population_millions": 292.0777777777778
  },
  "comparison": {},
  "rankings": {
    "gdp_per_capita_usd": {
      "rank": 4,
      "out_of": 10,
      "sa_value": 6001.0,
      "peer_avg": 6268.666666666667,
      "gap": -267.66666666666697
    },
    "gdp_growth_2023": {
      "rank": 10,
      "out_of": 10,
      "sa_value": 0.7,
      "peer_avg": 4.455555555555555,
      "gap": -3.7555555555555546
    },
    "gdp_growth_2024": {
      "rank": 10,
      "out_of": 10,
      "sa_value": 1.1,
      "peer_avg": 4.199999999999999,
      "gap": -3.099999999999999
    },
    "unemployment_rate": {
      "rank": 9,
      "out_of": 10,
      "sa_value": 32.9,
      "peer_avg": 9.044444444444444,
      "gap": 23.855555555555554
    },
    "youth_unemployment": {
      "rank": 10,
      "out_of": 10,
      "sa_value": 59.7,
      "peer_avg": 18.233333333333334,
      "gap": 41.46666666666667
    },
    "inflation_2023": {
      "rank": 6,
      "out_of": 10,
      "sa_value": 5.9,
      "peer_avg": 15.855555555555554,
      "gap": -9.955555555555554
    },
    "debt_to_gdp": {
      "rank": 7,
      "out_of": 10,
      "sa_value": 73.7,
      "peer_avg": 59.96666666666667,
      "gap": 13.733333333333334
    },
    "gini_coefficient": {
      "rank": 10,
      "out_of": 10,
      "sa_value": 63.0,
      "peer_avg": 39.45555555555555,
      "gap": 23.54444444444445
    },
    "ease_of_business_rank": {
      "rank": 7,
      "out_of": 10,
      "sa_value": 84.0,
      "peer_avg": 80.44444444444444,
      "gap": 3.555555555555557
    },
    "corruption_perception_index": {
      "rank": 2,
      "out_of": 10,
      "sa_value": 41.0,
      "peer_avg": 34.0,
      "gap": 7.0
    },
    "electricity_access_pct": {
      "rank": 8,
      "out_of": 10,
      "sa_value": 89.3,
      "peer_avg": 92.54444444444444,
      "gap": -3.24444444444444
    },
    "renewable_energy_pct": {
      "rank": 10,
      "out_of": 10,
      "sa_value": 7.2,
      "peer_avg": 29.488888888888887,
      "gap": -22.288888888888888
    },
    "population_millions": {
      "rank": 9,
      "out_of": 10,
      "sa_value": 60.4,
      "peer_avg": 292.0777777777778,
      "gap": -231.67777777777778
    }
  },
  "strengths": [
    {
      "indicator": "corruption_perception_index",
      "rank": 2,
      "value": 41.0
    }
  ],
  "weaknesses": [
    {
      "indicator": "gdp_growth_2023",
      "rank": 10,
      "value": 0.7
    },
    {
      "indicator": "gdp_growth_2024",
      "rank": 10,
      "value": 1.1
    },
    {
      "indicator": "unemployment_rate",
      "rank": 9,
      "value": 32.9
    },
    {
      "indicator": "youth_unemployment",
      "rank": 10,
      "value": 59.7
    },
    {
      "indicator": "gini_coefficient",
      "rank": 10,
      "value": 63.0
    },
    {
      "indicator": "electricity_access_pct",
      "rank": 8,
      "value": 89.3
    },
    {
      "indicator": "renewable_energy_pct",
      "rank": 10,
      "value": 7.2
    },
    {
      "indicator": "population_millions",
      "rank": 9,
      "value": 60.4
    }
  ],
  "reform_opportunities": [],
  "reform_lessons": {
    "Vietnam": {
      "success_area": "Economic Liberalization",
      "reforms": [
        "Doi Moi reforms: gradual market liberalization since 1986",
        "FDI-friendly policies attracting manufacturing",
        "Investment in education and skills development",
        "Infrastructure investment prioritization"
      ],
      "relevance_to_sa": "Shows how gradual reforms can transform economy without shock therapy"
    },
    "Indonesia": {
      "success_area": "Fiscal Discipline",
      "reforms": [
        "Post-1998 fiscal rules limiting debt",
        "Decentralization to improve service delivery",
        "Subsidy reforms (fuel price liberalization)",
        "Tax administration modernization"
      ],
      "relevance_to_sa": "Demonstrates successful fiscal consolidation with social protection"
    },
    "India": {
      "success_area": "Digital Transformation",
      "reforms": [
        "Aadhaar digital ID system reaching 1.3bn people",
        "UPI payment system revolutionizing fintech",
        "Direct benefit transfers reducing leakage",
        "GST unifying national tax system"
      ],
      "relevance_to_sa": "Shows how technology can improve governance and reduce corruption"
    },
    "Kenya": {
      "success_area": "Renewable Energy",
      "reforms": [
        "90%+ electricity from renewables (geothermal, wind, solar)",
        "Mobile money (M-Pesa) financial inclusion",
        "Tech hub development (Silicon Savannah)",
        "Regional trade integration (EAC)"
      ],
      "relevance_to_sa": "Demonstrates renewable energy potential for Africa"
    },
    "Mexico": {
      "success_area": "Trade Integration",
      "reforms": [
        "USMCA/NAFTA integration with North America",
        "Energy sector reforms (though partially reversed)",
        "Nearshoring opportunities from supply chain shifts",
        "Anti-corruption institutional reforms"
      ],
      "relevance_to_sa": "Shows benefits and challenges of regional trade integration"
    },
    "Brazil": {
      "success_area": "Social Programs",
      "reforms": [
        "Bolsa Fam\u00edlia conditional cash transfers",
        "Unified Registry for social programs",
        "Independent central bank",
        "Agricultural productivity gains"
      ],
      "relevance_to_sa": "Model for effective social protection with fiscal sustainability"
    }
  }
}