{
  "Total Recommendations": 5256,
  "Quick Wins": 441,
  "High Priority": 2060,
  "Avg Feasibility": 3.4693683409436833,
  "Avg Impact": 3.7616057838660577,
  "Avg ROI": 3.0573934550989343,
  "Requiring Institutional Reform": 1473
}